{
    "Age Bins": [
        20,
        40,
        60,
        80,
        100,
        125
    ],
    "MSP Mean by Age Bin": [
        [
            0.001363636333157,
            0.001666666629414,
            0,
            0,
            0,
            0
        ],
        [
            0.001981818137521,
            0.003266666593651,
            0.001799999959767,
            0.001199999973178,
            0,
            0
        ],
        [
            0.02404593646381,
            0.0331666667449,
            0.03510000038892,
            0.04160000033676,
            0,
            0
        ],
        [
            0.02695652194645,
            0.03583333361893,
            0.03750000055879,
            0.05000000074506,
            0,
            0
        ]
    ],
    "Non-Specific Mean by Age Bin": [
        [
            0.004109090871432,
            0.00573333332936,
            0,
            0,
            0,
            0
        ],
        [
            0.00665454552932,
            0.008333333457508,
            0,
            0,
            0,
            0
        ],
        [
            0.07206713819265,
            0.1095000002161,
            0.1022000004351,
            0.1216000001132,
            0,
            0
        ],
        [
            0.1209130433591,
            0.1728333327919,
            0.1535000003874,
            0.2399999946356,
            0,
            0
        ]
    ],
    "PfEMP1 Mean by Age Bin": [
        [
            0.0008763636377724,
            0.001073333335419,
            0,
            0,
            0,
            0
        ],
        [
            0.002469090876932,
            0.003079999970893,
            0,
            0,
            0,
            0
        ],
        [
            0.01772968201197,
            0.02602333333033,
            0.02315999985672,
            0.02336000017822,
            0,
            0
        ],
        [
            0.03932608702908,
            0.05642500007525,
            0.05260000014678,
            0.0651000007987,
            0,
            0
        ]
    ],
    "MSP StdDev by Age Bin": [
        [
            0.003431742848417,
            0.003726779879199,
            0,
            0,
            0,
            0
        ],
        [
            0.004774899831647,
            0.006376693532269,
            0.005723635080568,
            0.00324961528922,
            0,
            0
        ],
        [
            0.02275366666931,
            0.02050135518347,
            0.02160995173741,
            0.01405133489933,
            0,
            0
        ],
        [
            0.0238536815089,
            0.02099933887757,
            0.02165063541723,
            0,
            0,
            0
        ]
    ],
    "Non-Specific StdDev by Age Bin": [
        [
            0.01233719089424,
            0.01515900907964,
            0,
            0,
            0,
            0
        ],
        [
            0.01678984364878,
            0.01863390009017,
            0,
            0,
            0,
            0
        ],
        [
            0.08720312077944,
            0.0915063750443,
            0.08556377818239,
            0.08417505575266,
            0,
            0
        ],
        [
            0.1089137720451,
            0.1012108630021,
            0.089346236902,
            0,
            0,
            0
        ]
    ],
    "PfEMP1 StdDev by Age Bin": [
        [
            0.002792064329946,
            0.00306397709946,
            0,
            0,
            0,
            0
        ],
        [
            0.006329867717444,
            0.007015715617615,
            0,
            0,
            0,
            0
        ],
        [
            0.02320524662405,
            0.02372177877366,
            0.02231802843661,
            0.0180884052967,
            0,
            0
        ],
        [
            0.03584692975233,
            0.03358860486624,
            0.03120721071909,
            0.004570557532431,
            0,
            0
        ]
    ]
}
