{
    "Age Bins": [
        20,
        40,
        60,
        80,
        100,
        125
    ],
    "MSP Mean by Age Bin": [
        [
            0.0004999999888242,
            0.001538461504074,
            0.001999999955297,
            0,
            0,
            0
        ],
        [
            0.001099999975413,
            0.002123076881354,
            0.003199999928475,
            0.001999999955296,
            0,
            0
        ],
        [
            0.01746000005677,
            0.01110769244341,
            0.02904000034928,
            0.04880000062288,
            0,
            0
        ],
        [
            0.01900000013411,
            0.0115384617104,
            0.03000000044704,
            0.05000000074506,
            0,
            0
        ]
    ],
    "Non-Specific Mean by Age Bin": [
        [
            0.00169999999553,
            0.004646153793885,
            0.006799999982118,
            0,
            0,
            0
        ],
        [
            0.002500000037252,
            0.007538461627868,
            0.01000000014901,
            0,
            0,
            0
        ],
        [
            0.05126000016556,
            0.03744615366253,
            0.09527999943495,
            0.1352000021934,
            0,
            0
        ],
        [
            0.08260000042617,
            0.05269230730258,
            0.1392000001669,
            0.2000000029802,
            0,
            0
        ]
    ],
    "PfEMP1 Mean by Age Bin": [
        [
            0.0003159999996424,
            0.0009323076961132,
            0.00132800000906,
            0,
            0,
            0
        ],
        [
            0.0008119999952614,
            0.002636923079307,
            0.003631999909878,
            0,
            0,
            0
        ],
        [
            0.01254399997741,
            0.01063076926252,
            0.02368000013381,
            0.03316000021994,
            0,
            0
        ],
        [
            0.02882500018924,
            0.01933846161343,
            0.04781999997795,
            0.07500000037253,
            0,
            0
        ]
    ],
    "MSP StdDev by Age Bin": [
        [
            0.002179449423056,
            0.003608012042295,
            0.003999999910593,
            0,
            0,
            0
        ],
        [
            0.00381968576558,
            0.005773967204902,
            0.006523802426301,
            0.005656854123052,
            0,
            0
        ],
        [
            0.02227438903569,
            0.02047146113968,
            0.02401412950895,
            0.004308132226582,
            0,
            0
        ],
        [
            0.02343074924331,
            0.02106625252565,
            0.02449489779284,
            0,
            0,
            0
        ]
    ],
    "Non-Specific StdDev by Age Bin": [
        [
            0.008608716508621,
            0.01299518333956,
            0.01617899872939,
            0,
            0,
            0
        ],
        [
            0.01089724752123,
            0.01771837566681,
            0.02000000029803,
            0,
            0,
            0
        ],
        [
            0.07992128920406,
            0.07680505361504,
            0.09719733257844,
            0.06676046872674,
            0,
            0
        ],
        [
            0.1030157273232,
            0.09689636308679,
            0.1150276487892,
            9.999473043881e-08,
            0,
            0
        ]
    ],
    "PfEMP1 StdDev by Age Bin": [
        [
            0.00172978149572,
            0.002814528671226,
            0.003377042524136,
            0,
            0,
            0
        ],
        [
            0.003581152856125,
            0.006319483156333,
            0.007389220080469,
            0,
            0,
            0
        ],
        [
            0.02078730527094,
            0.02229464878837,
            0.02646374155681,
            0.0214842827785,
            0,
            0
        ],
        [
            0.03593388921148,
            0.03587532993321,
            0.04040182658181,
            0.01127829734647,
            0,
            0
        ]
    ]
}
