{
    "ntsteps": 73,
    "patient_array": [
        {
            "id": 32,
            "node_id": 340461476,
            "initial_age": 609.7691650391,
            "local_birthday": -553.7691650391,
            "strain_ids": [
                [
                    0,
                    11269387
                ],
                [
                    0,
                    11415141
                ]
            ],
            "ip_data": [
                ""
            ],
            "true_asexual_parasites": [
                814.3933105469
            ],
            "true_gametocytes": [
                1.145747661591
            ],
            "smeared_true_asexual_parasites": [
                296.7470092773
            ],
            "smeared_true_gametocytes": [
                0.08094597607851
            ],
            "asexual_parasites": [
                790
            ],
            "gametocytes": [
                0
            ],
            "smeared_asexual_parasites": [
                901.5180053711
            ],
            "smeared_gametocytes": [
                2.005016803741
            ],
            "infectiousness": [
                0.003498889738694
            ],
            "infectiousness_smeared": [
                0
            ],
            "infectiousness_age_scaled": [
                0.0007125419797376
            ],
            "pos_asexual_fields": [
                179
            ],
            "pos_gametocyte_fields": [
                1
            ],
            "temps": [
                38.08074188232
            ],
            "rdt": [
                1
            ]
        },
        {
            "id": 139,
            "node_id": 340461476,
            "initial_age": 2412.578369141,
            "local_birthday": -2411.578369141,
            "strain_ids": [
                [
                    0,
                    10484653
                ],
                [
                    0,
                    4116432
                ]
            ],
            "ip_data": [
                "",
                ""
            ],
            "true_asexual_parasites": [
                570.1719360352,
                762.9436035156
            ],
            "true_gametocytes": [
                1993.975708008,
                32.13701629639
            ],
            "smeared_true_asexual_parasites": [
                293.3143615723,
                1651.503662109
            ],
            "smeared_true_gametocytes": [
                3309.946044922,
                86.76889038086
            ],
            "asexual_parasites": [
                580,
                950
            ],
            "gametocytes": [
                1890,
                30
            ],
            "smeared_asexual_parasites": [
                614.8469238281,
                816.0883789063
            ],
            "smeared_gametocytes": [
                2119.326904297,
                24.75016212463
            ],
            "infectiousness": [
                0.9991040825844,
                0.09273735433817
            ],
            "infectiousness_smeared": [
                1,
                0.02500000037253
            ],
            "infectiousness_age_scaled": [
                0.4268144369125,
                0.04003014788032
            ],
            "pos_asexual_fields": [
                157,
                174
            ],
            "pos_gametocyte_fields": [
                199,
                12
            ],
            "temps": [
                38.03240203857,
                38.06114196777
            ],
            "rdt": [
                1,
                1
            ]
        },
        {
            "id": 307,
            "node_id": 340461476,
            "initial_age": 785.4378662109,
            "local_birthday": -739.4378662109,
            "strain_ids": [
                [
                    0,
                    2093340
                ],
                [
                    0,
                    14576530
                ]
            ],
            "ip_data": [
                ""
            ],
            "true_asexual_parasites": [
                823.6369018555
            ],
            "true_gametocytes": [
                9.851013183594
            ],
            "smeared_true_asexual_parasites": [
                502.1043395996
            ],
            "smeared_true_gametocytes": [
                11.28356552124
            ],
            "asexual_parasites": [
                860
            ],
            "gametocytes": [
                20
            ],
            "smeared_asexual_parasites": [
                786.4451904297
            ],
            "smeared_gametocytes": [
                8.081083297729
            ],
            "infectiousness": [
                0.03316943719983
            ],
            "infectiousness_smeared": [
                0
            ],
            "infectiousness_age_scaled": [
                0.007844481617212
            ],
            "pos_asexual_fields": [
                172
            ],
            "pos_gametocyte_fields": [
                4
            ],
            "temps": [
                38.01986694336
            ],
            "rdt": [
                1
            ]
        },
        {
            "id": 338,
            "node_id": 340461476,
            "initial_age": 4020.811035156,
            "local_birthday": -4007.811035156,
            "strain_ids": [
                [
                    0,
                    14372811
                ]
            ],
            "ip_data": [
                ""
            ],
            "true_asexual_parasites": [
                859.8324584961
            ],
            "true_gametocytes": [
                48.97768783569
            ],
            "smeared_true_asexual_parasites": [
                881.9057617188
            ],
            "smeared_true_gametocytes": [
                40.96098327637
            ],
            "asexual_parasites": [
                910
            ],
            "gametocytes": [
                50
            ],
            "smeared_asexual_parasites": [
                772.4086303711
            ],
            "smeared_gametocytes": [
                48.8670539856
            ],
            "infectiousness": [
                0.1352917402983
            ],
            "infectiousness_smeared": [
                0.1500000059605
            ],
            "infectiousness_age_scaled": [
                0.08329655975103
            ],
            "pos_asexual_fields": [
                171
            ],
            "pos_gametocyte_fields": [
                23
            ],
            "temps": [
                38.05345916748
            ],
            "rdt": [
                1
            ]
        },
        {
            "id": 388,
            "node_id": 340461476,
            "initial_age": 4569.985351563,
            "local_birthday": -4564.985351563,
            "strain_ids": [
                [
                    0,
                    1958931
                ]
            ],
            "ip_data": [
                ""
            ],
            "true_asexual_parasites": [
                1324.010742188
            ],
            "true_gametocytes": [
                40.76601409912
            ],
            "smeared_true_asexual_parasites": [
                2104.092285156
            ],
            "smeared_true_gametocytes": [
                80.62886810303
            ],
            "asexual_parasites": [
                190
            ],
            "gametocytes": [
                10
            ],
            "smeared_asexual_parasites": [
                1679.882080078
            ],
            "smeared_gametocytes": [
                44.3726234436
            ],
            "infectiousness": [
                0.1278180778027
            ],