{
    "ntsteps": 73,
    "patient_array": [
        {
            "id": 32,
            "node_id": 340461476,
            "initial_age": 643.7691650391,
            "local_birthday": -626.7691650391,
            "strain_ids": [
                [
                    0,
                    11269387
                ]
            ],
            "ip_data": [
                "",
                ""
            ],
            "true_asexual_parasites": [
                924.1493530273,
                1986.279785156
            ],
            "true_gametocytes": [
                4121.997558594,
                536.0631713867
            ],
            "smeared_true_asexual_parasites": [
                750.1362915039,
                7249.573730469
            ],
            "smeared_true_gametocytes": [
                2174.4296875,
                1392.98034668
            ],
            "asexual_parasites": [
                920,
                300
            ],
            "gametocytes": [
                4190,
                510
            ],
            "smeared_asexual_parasites": [
                831.7766113281,
                2119.326904297
            ],
            "smeared_gametocytes": [
                3.402823466385e+38,
                538.8294677734
            ],
            "infectiousness": [
                0.9999858736992,
                0.7730524539948
            ],
            "infectiousness_smeared": [
                1,
                0.875
            ],
            "infectiousness_age_scaled": [
                0.2110971212387,
                0.1660718470812
            ],
            "pos_asexual_fields": [
                175,
                199
            ],
            "pos_gametocyte_fields": [
                200,
                148
            ],
            "temps": [
                38.20680236816,
                38.41436386108
            ],
            "rdt": [
                1,
                1
            ]
        },
        {
            "id": 157,
            "node_id": 340461476,
            "initial_age": 2554.958740234,
            "local_birthday": -2551.958740234,
            "strain_ids": [
                [
                    0,
                    6743890
                ]
            ],
            "ip_data": [
                ""
            ],
            "true_asexual_parasites": [
                595.7875366211
            ],
            "true_gametocytes": [
                0.01966777257621
            ],
            "smeared_true_asexual_parasites": [
                998.0365600586
            ],
            "smeared_true_gametocytes": [
                318.0383911133
            ],
            "asexual_parasites": [
                650
            ],
            "gametocytes": [
                0
            ],
            "smeared_asexual_parasites": [
                605.6511230469
            ],
            "smeared_gametocytes": [
                2.005016803741
            ],
            "infectiousness": [
                6.459842552431e-05
            ],
            "infectiousness_smeared": [
                0
            ],
            "infectiousness_age_scaled": [
                2.867421062547e-05
            ],
            "pos_asexual_fields": [
                156
            ],
            "pos_gametocyte_fields": [
                1
            ],
            "temps": [
                38.03168869019
            ],
            "rdt": [
                1
            ]
        },
        {
            "id": 282,
            "node_id": 340461476,
            "initial_age": 1371.500976563,
            "local_birthday": -1357.500976563,
            "strain_ids": [
                [
                    0,
                    13016214
                ]
            ],
            "ip_data": [
                "",
                ""
            ],
            "true_asexual_parasites": [
                447.8758544922,
                2350.350585938
            ],
            "true_gametocytes": [
                0,
                268.0289611816
            ],
            "smeared_true_asexual_parasites": [
                349.9454650879,
                565.3485107422
            ],
            "smeared_true_gametocytes": [
                0,
                463.7792053223
            ],
            "asexual_parasites": [
                510,
                260
            ],
            "gametocytes": [
                0,
                370
            ],
            "smeared_asexual_parasites": [
                538.8294677734,
                3.402823466385e+38
            ],
            "smeared_gametocytes": [
                0,
                347.0002441406
            ],
            "infectiousness": [
                0,
                0.5817525982857
            ],
            "infectiousness_smeared": [
                0,
                0.4749999940395
            ],
            "infectiousness_age_scaled": [
                0,
                0.178700402379
            ],
            "pos_asexual_fields": [
                148,
                200
            ],
            "pos_gametocyte_fields": [
                0,
                116
            ],
            "temps": [
                38.0103225708,
                38.63999176025
            ],
            "rdt": [
                1,
                1
            ]
        },
        {
            "id": 561,
            "node_id": 340461476,
            "initial_age": 2791.433105469,
            "local_birthday": -2738.433105469,
            "strain_ids": [
                [
                    0,
                    12688752
                ]
            ],
            "ip_data": [
                ""
            ],
            "true_asexual_parasites": [
                2082.675048828
            ],
            "true_gametocytes": [
                0
            ],
            "smeared_true_asexual_parasites": [
                5293.430664063
            ],
            "smeared_true_gametocytes": [
                0
            ],
            "asexual_parasites": [
                270
            ],
            "gametocytes": [
                0
            ],
            "smeared_asexual_parasites": [
                2119.326904297
            ],
            "smeared_gametocytes": [
                0
            ],
            "infectiousness": [
                0
            ],
            "infectiousness_smeared": [
                0
            ],
            "infectiousness_age_scaled": [
                0
            ],
            "pos_asexual_fields": [
                199
            ],
            "pos_gametocyte_fields": [
                0
            ],
            "temps": [
                38.46846389771
            ],
            "rdt": [
                1
            ]
        },
        {
            "id": 787,
            "node_id": 340461476,
            "initial_age": 403.0525512695,
            "local_birthday": -372.0525512695,
            "strain_ids": [
                [
                    0,
                    2093340
                ]
            ],
            "ip_data": [
                "",
                ""
            ],
            "true_asexual_parasites": [
                2737.098876953,
                1842.868652344
            ],
            "true_gametocytes": [
                0,
                446.5705566406
            ],
            "smeared_true_asexual_parasites": [
                8457.830078125,
                1934.219238281
            ],
            "smeared_true_gametocytes": [
                0,
                202.2238616943
            ],
            "asexual_parasites": [
                220,
                220
            ],
            "gametocytes": [
                0,
                240
            ],
            "smeared_asexual_parasites": [
                2119.326904297,
                3.402823466385e+38
            ],